polymorphic_index,alignment_index,HXB2_index,nonsynonymous,escape,nucleotide,TF,consensus,epitope,f_at_0,f_at_21,f_at_77,f_at_179,f_at_438
0,50,840,0,False,A,G,A,nan,0.0,0.0,0.0,0.0,0.1
0,50,840,0,False,G,G,A,nan,1.0,1.0,1.0,1.0,0.9
1,167,957,0,False,A,C,C,nan,0.0,0.0,0.25,0.0,0.0
1,167,957,0,False,C,C,C,nan,1.0,1.0,0.75,1.0,1.0
2,243,1033,1,False,A,G,G,nan,0.0,0.0,0.0,0.0,0.05
2,243,1033,0,False,G,G,G,nan,1.0,1.0,1.0,1.0,0.95
3,247,1037,0,False,C,C,C,nan,1.0,1.0,1.0,0.875,1.0
3,247,1037,1,False,T,C,C,nan,0.0,0.0,0.0,0.125,0.0
4,254,1044,0,False,C,C,C,nan,1.0,1.0,1.0,1.0,0.8
4,254,1044,0,False,T,C,C,nan,0.0,0.0,0.0,0.0,0.2
5,260,1050,0,False,C,T,T,nan,0.0,0.0,0.0,0.0,0.05
5,260,1050,0,False,T,T,T,nan,1.0,1.0,1.0,1.0,0.95
6,267,1057,0,False,A,A,G,VHKGIKVKD,1.0,1.0,1.0,1.0,0.05
6,267,1057,1,True,G,A,G,VHKGIKVKD,0.0,0.0,0.0,0.0,0.95
7,277,1067,0,False,A,A,A,VHKGIKVKD,1.0,1.0,1.0,0.875,1.0
7,277,1067,1,True,C,A,A,VHKGIKVKD,0.0,0.0,0.0,0.125,0.0
8,279,1069,1,True,A,G,G,VHKGIKVKD,0.0,0.0,0.0,0.875,1.0
8,279,1069,0,False,G,G,G,VHKGIKVKD,1.0,1.0,1.0,0.125,0.0
9,477,1264,1,False,A,G,A,nan,0.0,0.0,0.0,0.0,0.1
9,477,1264,0,False,G,G,A,nan,1.0,1.0,1.0,1.0,0.9
10,484,1271,0,False,A,A,A,nan,0.9375,1.0,1.0,1.0,1.0
10,484,1271,1,False,G,A,A,nan,0.0625,0.0,0.0,0.0,0.0
11,503,1290,0,False,A,G,G,nan,0.0,0.0,0.0,0.0,0.05
11,503,1290,0,False,G,G,G,nan,1.0,1.0,1.0,1.0,0.95
12,506,1293,0,False,A,A,A,nan,1.0,1.0,1.0,1.0,0.95
12,506,1293,0,False,G,A,A,nan,0.0,0.0,0.0,0.0,0.05
13,528,1315,1,False,A,T,T,nan,0.0,0.0,0.0,0.0,0.05
13,528,1315,0,False,T,T,T,nan,1.0,1.0,1.0,1.0,0.95
14,545,1332,0,False,A,A,A,nan,1.0,0.91667,1.0,1.0,1.0
14,545,1332,0,False,G,A,A,nan,0.0,0.083333,0.0,0.0,0.0
15,572,1359,0,False,A,A,A,nan,0.9375,1.0,1.0,1.0,1.0
15,572,1359,0,False,T,A,A,nan,0.0625,0.0,0.0,0.0,0.0
16,579,1366,0,False,G,G,G,nan,0.9375,1.0,1.0,1.0,1.0
16,579,1366,1,False,T,G,G,nan,0.0625,0.0,0.0,0.0,0.0
17,602,1389,1,False,A,G,G,nan,0.0,0.0,0.0,0.0,0.05
17,602,1389,0,False,G,G,G,nan,1.0,1.0,1.0,1.0,0.95
18,626,1413,0,False,A,G,G,nan,0.0,0.0,0.0,0.0,0.05
18,626,1413,0,False,G,G,G,nan,1.0,1.0,1.0,1.0,0.95
19,669,1456,0,False,A,A,A,nan,1.0,1.0,1.0,1.0,0.95
19,669,1456,1,False,G,A,A,nan,0.0,0.0,0.0,0.0,0.05
20,804,1591,0,False,C,C,C,nan,1.0,1.0,1.0,0.875,1.0
20,804,1591,0,False,T,C,C,nan,0.0,0.0,0.0,0.125,0.0
21,836,1623,0,False,C,C,C,nan,1.0,1.0,1.0,0.875,0.95
21,836,1623,0,False,T,C,C,nan,0.0,0.0,0.0,0.125,0.05
22,982,1769,0,False,A,A,A,nan,0.9375,1.0,1.0,1.0,1.0
22,982,1769,1,False,G,A,A,nan,0.0625,0.0,0.0,0.0,0.0
23,1013,1800,0,False,A,A,A,nan,1.0,1.0,1.0,0.875,1.0
23,1013,1800,0,False,G,A,A,nan,0.0,0.0,0.0,0.125,0.0
24,1029,1816,0,False,C,T,T,nan,0.0,0.0,0.0,0.0,0.05
24,1029,1816,0,False,T,T,T,nan,1.0,1.0,1.0,1.0,0.95
25,1071,1858,1,False,A,G,G,nan,0.0,0.0,0.0,0.0,0.05
25,1071,1858,0,False,G,G,G,nan,1.0,1.0,1.0,1.0,0.95
26,1126,1913,1,False,A,G,C,nan,0.0,0.0,0.0,0.0,0.1
26,1126,1913,0,False,G,G,C,nan,1.0,1.0,1.0,1.0,0.9
27,1145,1932,0,False,C,C,C,nan,1.0,0.91667,1.0,1.0,1.0
27,1145,1932,0,False,T,C,C,nan,0.0,0.083333,0.0,0.0,0.0
28,1150,1937,1,False,A,T,T,nan,0.0,0.0,0.0,0.125,0.0
28,1150,1937,0,False,T,T,T,nan,1.0,1.0,1.0,0.875,1.0
29,1174,1961,0,False,A,A,A,nan,0.9375,1.0,1.0,1.0,1.0
29,1174,1961,1,False,G,A,A,nan,0.0625,0.0,0.0,0.0,0.0
30,1192,1979,0,False,A,A,A,GKEGHIAKN,1.0,1.0,0.25,1.0,1.0
30,1192,1979,1,True,G,A,A,GKEGHIAKN,0.0,0.0,0.75,0.0,0.0
31,1203,1990,0,False,A,A,A,GKEGHIAKN,1.0,1.0,0.75,1.0,1.0
31,1203,1990,1,True,C,A,A,GKEGHIAKN,0.0,0.0,0.25,0.0,0.0
32,1208,1995,0,False,C,C,C,GKEGHIAKN,1.0,1.0,1.0,1.0,0.95
32,1208,1995,0,False,T,C,C,GKEGHIAKN,0.0,0.0,0.0,0.0,0.05
33,1210,1997,0,False,A,A,G,GKEGHIAKN,1.0,1.0,1.0,0.0,0.0
33,1210,1997,1,True,G,A,G,GKEGHIAKN,0.0,0.0,0.0,1.0,1.0
34,1234,2021,1,False,A,G,A,nan,0.0,0.0,0.0,0.0,0.05
34,1234,2021,0,False,G,G,A,nan,1.0,1.0,1.0,1.0,0.95
35,1274,2061,1,False,-,A,A,nan,0.0,0.0,0.0,0.0,0.05
35,1274,2061,0,False,A,A,A,nan,1.0,1.0,1.0,1.0,0.95
36,1331,2118,0,False,A,G,G,nan,0.0,0.0,0.0,0.0,0.05
36,1331,2118,0,False,G,G,G,nan,1.0,1.0,1.0,1.0,0.95
37,1555,2321,0,False,C,C,C,nan,1.0,0.91667,1.0,1.0,1.0
37,1555,2321,0,False,T,C,C,nan,0.0,0.083333,0.0,0.0,0.0
38,1586,2352,1,True,A,G,G,EEMNLTGKW,0.0,0.0,0.0,0.0,0.05
38,1586,2352,0,False,G,G,G,EEMNLTGKW,1.0,1.0,1.0,1.0,0.95
39,1595,2361,0,False,A,A,A,EEMNLTGKW,1.0,1.0,1.0,0.875,1.0
39,1595,2361,1,True,C,A,A,EEMNLTGKW,0.0,0.0,0.0,0.125,0.0
40,1596,2362,0,False,A,A,A,EEMNLTGKW,1.0,1.0,1.0,0.75,1.0
40,1596,2362,1,True,G,A,A,EEMNLTGKW,0.0,0.0,0.0,0.25,0.0
41,1600,2366,0,False,A,G,G,EEMNLTGKW,0.0,0.0,0.0,0.0,1.0
41,1600,2366,0,False,G,G,G,EEMNLTGKW,1.0,1.0,1.0,1.0,0.0
42,1601,2367,0,False,A,A,C,EEMNLTGKW,1.0,1.0,1.0,0.75,0.0
42,1601,2367,1,True,C,A,C,EEMNLTGKW,0.0,0.0,0.0,0.0,1.0
42,1601,2367,1,True,G,A,C,EEMNLTGKW,0.0,0.0,0.0,0.25,0.0
43,1608,2374,0,False,A,A,A,EEMNLTGKW,1.0,1.0,1.0,0.5,1.0
43,1608,2374,1,True,G,A,A,EEMNLTGKW,0.0,0.0,0.0,0.5,0.0
44,1660,2426,0,False,A,G,G,nan,0.0,0.0,0.0,0.0,0.05
44,1660,2426,0,False,G,G,G,nan,1.0,1.0,1.0,1.0,0.95
45,1666,2432,0,False,C,T,T,nan,0.0,0.0,0.0,0.0,0.05
45,1666,2432,0,False,T,T,T,nan,1.0,1.0,1.0,1.0,0.95
46,1674,2440,1,False,A,C,T,nan,0.0,0.0,0.0,0.0,0.05
46,1674,2440,0,False,C,C,T,nan,1.0,1.0,1.0,1.0,0.95
47,1724,2490,1,False,-,A,A,nan,0.0,0.0,0.0,0.0,0.05
47,1724,2490,0,False,A,A,A,nan,1.0,1.0,1.0,1.0,0.95
48,1725,2491,1,False,-,C,C,nan,0.0,0.0,0.0,0.0,0.05
48,1725,2491,0,False,C,C,C,nan,1.0,1.0,1.0,1.0,0.95
49,1726,2492,1,False,-,A,A,nan,0.0,0.0,0.0,0.0,0.05
49,1726,2492,0,False,A,A,A,nan,1.0,1.0,1.0,1.0,0.95
50,1727,2493,1,False,-,C,C,nan,0.0,0.0,0.0,0.0,0.05
50,1727,2493,0,False,C,C,C,nan,1.0,1.0,1.0,1.0,0.95
51,1728,2494,1,False,-,C,C,nan,0.0,0.0,0.0,0.0,0.05
51,1728,2494,0,False,C,C,C,nan,1.0,1.0,1.0,1.0,0.95
52,1729,2495,1,False,-,T,T,nan,0.0,0.0,0.0,0.0,0.05
52,1729,2495,0,False,T,T,T,nan,1.0,1.0,1.0,1.0,0.95
53,1730,2496,1,False,-,G,G,nan,0.0,0.0,0.0,0.0,0.05
53,1730,2496,0,False,G,G,G,nan,1.0,1.0,1.0,1.0,0.95
54,1731,2497,1,False,-,T,T,nan,0.0,0.0,0.0,0.0,0.05
54,1731,2497,0,False,T,T,T,nan,1.0,1.0,1.0,1.0,0.95
55,1732,2498,1,False,-,C,C,nan,0.0,0.0,0.0,0.0,0.05
55,1732,2498,0,False,C,C,C,nan,1.0,1.0,1.0,1.0,0.95
56,1733,2499,1,False,-,A,A,nan,0.0,0.0,0.0,0.0,0.05
56,1733,2499,0,False,A,A,A,nan,1.0,1.0,1.0,1.0,0.95
57,1734,2500,1,False,-,A,A,nan,0.0,0.0,0.0,0.0,0.05
57,1734,2500,0,False,A,A,A,nan,1.0,1.0,1.0,1.0,0.95
58,1735,2501,1,False,-,C,C,nan,0.0,0.0,0.0,0.0,0.05
58,1735,2501,0,False,C,C,C,nan,1.0,1.0,1.0,1.0,0.95
59,1736,2502,1,False,-,A,A,nan,0.0,0.0,0.0,0.0,0.05
59,1736,2502,0,False,A,A,A,nan,1.0,1.0,1.0,1.0,0.95
60,1737,2503,1,False,-,T,T,nan,0.0,0.0,0.0,0.0,0.05
60,1737,2503,0,False,T,T,T,nan,1.0,1.0,1.0,1.0,0.95
61,1738,2504,1,False,-,A,A,nan,0.0,0.0,0.0,0.0,0.05
61,1738,2504,0,False,A,A,A,nan,1.0,1.0,1.0,1.0,0.95
62,1739,2505,1,False,-,A,A,nan,0.0,0.0,0.0,0.0,0.05
62,1739,2505,0,False,A,A,A,nan,1.0,1.0,1.0,1.0,0.95
63,1740,2506,1,False,-,T,T,nan,0.0,0.0,0.0,0.0,0.05
63,1740,2506,0,False,T,T,T,nan,1.0,1.0,1.0,1.0,0.95
64,1741,2507,1,False,-,T,T,nan,0.0,0.0,0.0,0.0,0.05
64,1741,2507,0,False,T,T,T,nan,1.0,1.0,1.0,1.0,0.95
65,1742,2508,1,False,-,G,G,nan,0.0,0.0,0.0,0.0,0.05
65,1742,2508,0,False,G,G,G,nan,1.0,1.0,1.0,1.0,0.95
66,1743,2509,1,False,-,G,G,nan,0.0,0.0,0.0,0.0,0.05
66,1743,2509,0,False,G,G,G,nan,1.0,1.0,1.0,1.0,0.95
67,1744,2510,1,False,-,A,A,nan,0.0,0.0,0.0,0.0,0.05
67,1744,2510,0,False,A,A,A,nan,1.0,1.0,1.0,1.0,0.95
68,1745,2511,1,False,-,A,A,nan,0.0,0.0,0.0,0.0,0.05
68,1745,2511,0,False,A,A,A,nan,1.0,1.0,1.0,1.0,0.95
69,1746,2512,1,False,-,G,G,nan,0.0,0.0,0.0,0.0,0.05
69,1746,2512,0,False,G,G,G,nan,1.0,1.0,1.0,1.0,0.95
70,1747,2513,1,False,-,A,A,nan,0.0,0.0,0.0,0.0,0.05
70,1747,2513,0,False,A,A,A,nan,1.0,1.0,1.0,1.0,0.9
70,1747,2513,0,False,G,A,A,nan,0.0,0.0,0.0,0.0,0.05
71,1748,2514,1,False,-,A,A,nan,0.0,0.0,0.0,0.0,0.05
71,1748,2514,0,False,A,A,A,nan,1.0,1.0,1.0,1.0,0.95
72,1749,2515,1,False,-,A,A,nan,0.0,0.0,0.0,0.0,0.05
72,1749,2515,0,False,A,A,A,nan,1.0,1.0,1.0,1.0,0.95
73,1750,2516,1,False,-,T,T,nan,0.0,0.0,0.0,0.0,0.05
73,1750,2516,0,False,T,T,T,nan,1.0,1.0,1.0,1.0,0.95
74,1751,2517,1,False,-,A,A,nan,0.0,0.0,0.0,0.0,0.05
74,1751,2517,0,False,A,A,A,nan,1.0,1.0,1.0,1.0,0.95
75,1752,2518,1,False,-,T,T,nan,0.0,0.0,0.0,0.0,0.05
75,1752,2518,0,False,T,T,T,nan,1.0,1.0,1.0,1.0,0.95
76,1753,2519,1,False,-,G,G,nan,0.0,0.0,0.0,0.0,0.05
76,1753,2519,0,False,G,G,G,nan,1.0,1.0,1.0,1.0,0.95
77,1754,2520,1,False,-,T,T,nan,0.0,0.0,0.0,0.0,0.05
77,1754,2520,0,False,T,T,T,nan,1.0,1.0,1.0,1.0,0.95
78,1755,2521,1,False,-,T,T,nan,0.0,0.0,0.0,0.0,0.05
78,1755,2521,0,False,T,T,T,nan,1.0,1.0,1.0,1.0,0.95
79,1756,2522,1,False,-,G,G,nan,0.0,0.0,0.0,0.0,0.05
79,1756,2522,0,False,G,G,G,nan,1.0,1.0,1.0,1.0,0.95
80,1757,2523,1,False,-,A,A,nan,0.0,0.0,0.0,0.0,0.05
80,1757,2523,0,False,A,A,A,nan,1.0,1.0,1.0,1.0,0.95
81,1758,2524,1,False,-,C,C,nan,0.0,0.0,0.0,0.0,0.05
81,1758,2524,0,False,C,C,C,nan,1.0,1.0,1.0,1.0,0.95
82,1759,2525,1,False,-,T,T,nan,0.0,0.0,0.0,0.0,0.05
82,1759,2525,0,False,T,T,T,nan,1.0,1.0,1.0,1.0,0.95
83,1760,2526,1,False,-,C,C,nan,0.0,0.0,0.0,0.0,0.05
83,1760,2526,0,False,C,C,C,nan,1.0,1.0,1.0,1.0,0.95
84,1761,2527,1,False,-,A,A,nan,0.0,0.0,0.0,0.0,0.05
84,1761,2527,0,False,A,A,A,nan,1.0,1.0,1.0,1.0,0.95
85,1762,2528,1,False,-,G,G,nan,0.0,0.0,0.0,0.0,0.05
85,1762,2528,0,False,G,G,G,nan,1.0,1.0,1.0,1.0,0.95
86,1763,2529,1,False,-,C,C,nan,0.0,0.0,0.0,0.0,0.05
86,1763,2529,0,False,C,C,C,nan,1.0,1.0,1.0,1.0,0.95
87,1764,2530,1,False,-,T,T,nan,0.0,0.0,0.0,0.0,0.05
87,1764,2530,0,False,T,T,T,nan,1.0,1.0,1.0,1.0,0.95
88,1765,2531,1,False,-,T,T,nan,0.0,0.0,0.0,0.0,0.05
88,1765,2531,0,False,T,T,T,nan,1.0,1.0,1.0,1.0,0.95
89,1766,2532,1,False,-,G,G,nan,0.0,0.0,0.0,0.0,0.05
89,1766,2532,0,False,G,G,G,nan,1.0,1.0,1.0,1.0,0.95
90,1767,2533,1,False,-,G,G,nan,0.0,0.0,0.0,0.0,0.05
90,1767,2533,0,False,G,G,G,nan,1.0,1.0,1.0,1.0,0.95
91,1768,2534,1,False,-,C,A,nan,0.0,0.0,0.0,0.0,0.05
91,1768,2534,0,False,C,C,A,nan,1.0,1.0,1.0,1.0,0.95
92,1769,2535,1,False,-,T,T,nan,0.0,0.0,0.0,0.0,0.05
92,1769,2535,0,False,T,T,T,nan,1.0,1.0,1.0,1.0,0.95
93,1770,2536,1,False,-,G,G,nan,0.0,0.0,0.0,0.0,0.05
93,1770,2536,0,False,G,G,G,nan,1.0,1.0,1.0,1.0,0.95
94,1771,2537,1,False,-,C,C,nan,0.0,0.0,0.0,0.0,0.05
94,1771,2537,0,False,C,C,C,nan,1.0,1.0,1.0,1.0,0.95
95,1772,2538,1,False,-,A,A,nan,0.0,0.0,0.0,0.0,0.05
95,1772,2538,0,False,A,A,A,nan,1.0,1.0,1.0,1.0,0.95
96,1773,2539,1,False,-,C,C,nan,0.0,0.0,0.0,0.0,0.05
96,1773,2539,0,False,C,C,C,nan,1.0,1.0,1.0,1.0,0.95
97,1774,2540,1,False,-,T,A,nan,0.0,0.0,0.0,0.0,0.05
97,1774,2540,0,False,T,T,A,nan,1.0,1.0,1.0,1.0,0.95
98,1775,2541,1,False,-,C,C,nan,0.0,0.0,0.0,0.0,0.05
98,1775,2541,0,False,C,C,C,nan,1.0,1.0,1.0,1.0,0.95
99,1776,2542,1,False,-,T,T,nan,0.0,0.0,0.0,0.0,0.05
99,1776,2542,0,False,T,T,T,nan,1.0,1.0,1.0,1.0,0.95
100,1777,2543,1,False,-,A,A,nan,0.0,0.0,0.0,0.0,0.05
100,1777,2543,0,False,A,A,A,nan,1.0,1.0,1.0,1.0,0.95
101,1778,2544,1,False,-,A,A,nan,0.0,0.0,0.0,0.0,0.05
101,1778,2544,0,False,A,A,A,nan,1.0,1.0,1.0,1.0,0.95
102,1779,2545,1,False,-,A,A,nan,0.0,0.0,0.0,0.0,0.05
102,1779,2545,0,False,A,A,A,nan,1.0,1.0,1.0,1.0,0.95
103,1780,2546,1,False,-,T,T,nan,0.0,0.0,0.0,0.0,0.05
103,1780,2546,0,False,T,T,T,nan,1.0,1.0,1.0,1.0,0.95
104,1781,2547,1,False,A,T,T,nan,0.0,0.0,0.0,0.0,0.05
104,1781,2547,0,False,T,T,T,nan,1.0,1.0,1.0,1.0,0.95
105,1866,2632,0,False,A,A,A,nan,1.0,1.0,1.0,1.0,0.95
105,1866,2632,1,False,G,A,A,nan,0.0,0.0,0.0,0.0,0.05
106,1978,2744,0,False,A,G,G,nan,0.0625,0.0,0.0,0.0,0.0
106,1978,2744,0,False,G,G,G,nan,0.9375,1.0,1.0,1.0,1.0
107,2059,2825,0,False,A,A,A,nan,1.0,1.0,1.0,1.0,0.9
107,2059,2825,0,False,G,A,A,nan,0.0,0.0,0.0,0.0,0.1
108,2118,2884,1,False,A,G,G,nan,0.0625,0.0,0.0,0.0,0.0
108,2118,2884,0,False,G,G,G,nan,0.9375,1.0,1.0,1.0,1.0
109,2131,2897,0,False,C,T,T,nan,0.0,0.0,0.0,0.0,0.1
109,2131,2897,0,False,T,T,T,nan,1.0,1.0,1.0,1.0,0.9
110,2141,2907,0,False,C,T,T,nan,0.0,0.0,0.0,0.0,0.05
110,2141,2907,0,False,T,T,T,nan,1.0,1.0,1.0,1.0,0.95
111,2150,2916,0,False,A,A,G,nan,1.0,1.0,0.75,1.0,1.0
111,2150,2916,1,False,G,A,G,nan,0.0,0.0,0.25,0.0,0.0
112,2170,2936,0,False,A,A,A,nan,0.9375,1.0,1.0,1.0,1.0
112,2170,2936,0,False,T,A,A,nan,0.0625,0.0,0.0,0.0,0.0
113,2187,2953,1,False,C,T,T,nan,0.0625,0.0,0.0,0.0,0.0
113,2187,2953,0,False,T,T,T,nan,0.9375,1.0,1.0,1.0,1.0
114,2188,2954,0,False,A,A,A,nan,1.0,1.0,1.0,1.0,0.95
114,2188,2954,1,False,G,A,A,nan,0.0,0.0,0.0,0.0,0.05
115,2200,2966,0,False,A,A,A,nan,1.0,1.0,1.0,1.0,0.75
115,2200,2966,0,False,C,A,A,nan,0.0,0.0,0.0,0.0,0.25
116,2206,2972,0,False,A,G,G,nan,0.0,0.0,0.0,0.0,0.05
116,2206,2972,0,False,G,G,G,nan,1.0,1.0,1.0,1.0,0.95
117,2208,2974,1,False,G,T,T,nan,0.0,0.0,0.0,0.0,0.05
117,2208,2974,0,False,T,T,T,nan,1.0,1.0,1.0,1.0,0.95
118,2236,3002,0,False,A,G,G,nan,0.0,0.0,0.0,0.0,0.05
118,2236,3002,0,False,G,G,G,nan,1.0,1.0,1.0,1.0,0.95
119,2301,3067,1,False,-,A,C,nan,0.0625,0.0,0.0,0.0,0.0
119,2301,3067,0,False,A,A,C,nan,0.9375,1.0,1.0,1.0,0.95
119,2301,3067,1,False,G,A,C,nan,0.0,0.0,0.0,0.0,0.05
120,2303,3069,1,False,A,C,C,nan,0.0625,0.0,0.0,0.0,0.15
120,2303,3069,0,False,C,C,C,nan,0.9375,1.0,1.0,1.0,0.85
121,2304,3070,0,False,A,A,A,nan,0.9375,1.0,1.0,1.0,1.0
121,2304,3070,1,False,C,A,A,nan,0.0625,0.0,0.0,0.0,0.0
122,2374,3140,0,False,A,A,A,nan,1.0,1.0,1.0,1.0,0.95
122,2374,3140,0,False,G,A,A,nan,0.0,0.0,0.0,0.0,0.05
123,2385,3151,0,False,A,A,A,nan,1.0,1.0,1.0,0.5,1.0
123,2385,3151,1,False,G,A,A,nan,0.0,0.0,0.0,0.5,0.0
124,2392,3158,0,False,A,A,G,nan,1.0,1.0,1.0,0.5,1.0
124,2392,3158,0,False,G,A,G,nan,0.0,0.0,0.0,0.5,0.0
125,2410,3176,0,False,A,A,A,nan,1.0,1.0,1.0,1.0,0.7
125,2410,3176,0,False,G,A,A,nan,0.0,0.0,0.0,0.0,0.3
126,2455,3221,0,False,A,A,A,nan,1.0,1.0,1.0,0.5,1.0
126,2455,3221,0,False,G,A,A,nan,0.0,0.0,0.0,0.5,0.0
127,2509,3275,0,False,A,G,G,nan,0.0,0.0,0.0,0.0,0.05
127,2509,3275,0,False,G,G,G,nan,1.0,1.0,1.0,1.0,0.95
128,2512,3278,0,False,C,T,T,nan,0.0,0.0,0.0,0.0,0.05
128,2512,3278,0,False,T,T,T,nan,1.0,1.0,1.0,1.0,0.95
129,2530,3296,0,False,A,G,G,nan,0.0625,0.0,0.0,0.0,0.0
129,2530,3296,0,False,G,G,G,nan,0.9375,1.0,1.0,1.0,1.0
130,2538,3304,0,False,G,G,G,nan,0.9375,1.0,1.0,1.0,1.0
130,2538,3304,1,False,T,G,G,nan,0.0625,0.0,0.0,0.0,0.0
131,2606,3372,1,False,A,C,A,nan,0.0,0.0,0.75,0.0,0.3
131,2606,3372,0,False,C,C,A,nan,1.0,1.0,0.25,1.0,0.7
132,2617,3383,0,False,A,A,A,nan,1.0,1.0,1.0,1.0,0.95
132,2617,3383,1,False,C,A,A,nan,0.0,0.0,0.0,0.0,0.05
133,2629,3395,0,False,C,C,C,nan,1.0,1.0,1.0,1.0,0.95
133,2629,3395,0,False,T,C,C,nan,0.0,0.0,0.0,0.0,0.05
134,2648,3414,0,False,C,C,C,nan,1.0,1.0,1.0,1.0,0.95
134,2648,3414,0,False,T,C,C,nan,0.0,0.0,0.0,0.0,0.05
135,2658,3424,1,False,C,T,T,nan,0.0,0.083333,0.0,0.0,0.0
135,2658,3424,0,False,T,T,T,nan,1.0,0.91667,1.0,1.0,1.0
136,2666,3432,0,False,C,C,C,nan,1.0,1.0,1.0,0.5,1.0
136,2666,3432,0,False,T,C,C,nan,0.0,0.0,0.0,0.5,0.0
137,2690,3456,0,False,C,T,T,nan,0.0,0.0,0.0,0.0,0.05
137,2690,3456,0,False,T,T,T,nan,1.0,1.0,1.0,1.0,0.95
138,2741,3507,1,False,A,G,G,nan,0.0,0.0,0.0,0.0,0.05
138,2741,3507,0,False,G,G,G,nan,1.0,1.0,1.0,1.0,0.95
139,2749,3515,0,False,A,A,A,nan,1.0,1.0,1.0,1.0,0.9
139,2749,3515,0,False,G,A,A,nan,0.0,0.0,0.0,0.0,0.1
140,2812,3578,0,False,A,A,A,nan,1.0,1.0,1.0,0.875,0.85
140,2812,3578,0,False,G,A,A,nan,0.0,0.0,0.0,0.125,0.15
141,2833,3599,0,False,A,A,A,nan,1.0,1.0,0.75,1.0,1.0
141,2833,3599,0,False,G,A,A,nan,0.0,0.0,0.25,0.0,0.0
142,2850,3616,0,False,A,A,A,nan,1.0,1.0,1.0,1.0,0.7
142,2850,3616,1,False,G,A,A,nan,0.0,0.0,0.0,0.0,0.3
143,2915,3681,1,False,A,G,G,nan,0.0,0.0,0.0,0.0,0.05
143,2915,3681,0,False,G,G,G,nan,1.0,1.0,1.0,1.0,0.95
144,3004,3770,0,False,A,A,A,nan,1.0,0.91667,1.0,1.0,1.0
144,3004,3770,1,False,C,A,A,nan,0.0,0.083333,0.0,0.0,0.0
145,3020,3786,1,False,A,G,G,nan,0.0,0.0,0.0,0.0,0.05
145,3020,3786,0,False,G,G,G,nan,1.0,1.0,1.0,1.0,0.95
146,3071,3837,1,False,A,G,G,nan,0.0,0.0,0.25,0.0,0.0
146,3071,3837,0,False,G,G,G,nan,1.0,1.0,0.75,1.0,1.0
147,3086,3852,1,False,A,G,G,nan,0.0,0.0,0.0,0.0,0.05
147,3086,3852,0,False,G,G,G,nan,1.0,1.0,1.0,1.0,0.95
148,3087,3853,1,False,G,T,C,nan,0.0,0.0,0.0,0.0,0.05
148,3087,3853,0,False,T,T,C,nan,1.0,1.0,1.0,1.0,0.95
149,3146,3912,1,False,A,G,G,nan,0.0625,0.0,0.0,0.0,0.0
149,3146,3912,0,False,G,G,G,nan,0.9375,1.0,1.0,1.0,1.0
150,3161,3927,1,False,A,G,G,nan,0.0,0.0,0.0,0.0,0.05
150,3161,3927,0,False,G,G,G,nan,1.0,1.0,1.0,1.0,0.95
151,3172,3938,0,False,A,G,G,nan,0.0,0.0,0.0,0.0,0.05
151,3172,3938,0,False,G,G,G,nan,1.0,1.0,1.0,1.0,0.95
152,3196,3962,0,False,A,A,A,nan,1.0,1.0,1.0,1.0,0.95
152,3196,3962,0,False,G,A,A,nan,0.0,0.0,0.0,0.0,0.05
153,3218,3984,1,False,G,T,T,nan,0.0,0.0,0.0,0.0,0.05
153,3218,3984,0,False,T,T,T,nan,1.0,1.0,1.0,1.0,0.95
154,3368,4134,1,False,A,G,G,nan,0.0,0.0,0.0,0.0,0.05
154,3368,4134,0,False,G,G,G,nan,1.0,1.0,1.0,1.0,0.95
155,3449,4215,0,False,A,A,A,VSRGIRKVL,1.0,1.0,1.0,1.0,0.95
155,3449,4215,1,True,G,A,A,VSRGIRKVL,0.0,0.0,0.0,0.0,0.05
156,3481,4247,1,False,G,T,T,nan,0.0625,0.0,0.0,0.0,0.0
156,3481,4247,0,False,T,T,T,nan,0.9375,1.0,1.0,1.0,1.0
157,3496,4262,0,False,G,G,G,nan,1.0,1.0,1.0,1.0,0.9
157,3496,4262,1,False,T,G,G,nan,0.0,0.0,0.0,0.0,0.1
158,3513,4279,0,False,A,A,G,nan,1.0,1.0,1.0,1.0,0.1
158,3513,4279,1,False,G,A,G,nan,0.0,0.0,0.0,0.0,0.9
159,3577,4343,0,False,C,T,T,nan,0.0,0.0,0.0,0.0,0.9
159,3577,4343,0,False,T,T,T,nan,1.0,1.0,1.0,1.0,0.1
160,3623,4389,1,False,A,G,G,nan,0.0,0.0,0.25,0.0,0.0
160,3623,4389,0,False,G,G,G,nan,1.0,1.0,0.75,1.0,1.0
161,3658,4424,0,False,C,T,T,nan,0.0,0.0,0.25,0.0,0.0
161,3658,4424,0,False,T,T,T,nan,1.0,1.0,0.75,1.0,1.0
162,3693,4459,1,False,C,T,T,nan,0.0,0.0,0.0,0.0,0.05
162,3693,4459,0,False,T,T,T,nan,1.0,1.0,1.0,1.0,0.95
163,3716,4482,1,False,A,G,G,nan,0.0625,0.0,0.0,0.0,0.0
163,3716,4482,0,False,G,G,G,nan,0.9375,1.0,1.0,1.0,1.0
164,3729,4495,1,False,C,T,T,nan,0.0,0.0,0.25,0.0,0.0
164,3729,4495,0,False,T,T,T,nan,1.0,1.0,0.75,1.0,1.0
165,3805,4571,1,False,G,T,T,nan,0.0625,0.0,0.0,0.0,0.0
165,3805,4571,0,False,T,T,T,nan,0.9375,1.0,1.0,1.0,1.0
166,3884,4650,0,False,A,A,A,nan,1.0,0.91667,1.0,1.0,1.0
166,3884,4650,1,False,C,A,A,nan,0.0,0.083333,0.0,0.0,0.0
167,3895,4661,0,False,C,T,T,nan,0.0,0.0,0.5,0.0,0.0
167,3895,4661,0,False,T,T,T,nan,1.0,1.0,0.5,1.0,1.0
168,3907,4673,0,False,A,G,G,nan,0.0,0.0,0.25,0.0,0.7
168,3907,4673,0,False,G,G,G,nan,1.0,1.0,0.75,1.0,0.3
169,3920,4686,1,False,C,T,T,nan,0.0625,0.0,0.0,0.0,0.0
169,3920,4686,0,False,T,T,T,nan,0.9375,1.0,1.0,1.0,1.0
170,3952,4718,0,False,A,A,G,nan,1.0,1.0,1.0,0.875,1.0
170,3952,4718,0,False,G,A,G,nan,0.0,0.0,0.0,0.125,0.0
171,3976,4742,0,False,C,C,C,nan,1.0,1.0,1.0,1.0,0.95
171,3976,4742,0,False,T,C,C,nan,0.0,0.0,0.0,0.0,0.05
172,4146,4912,1,False,A,G,G,nan,0.0,0.0,0.0,0.0,0.05
172,4146,4912,0,False,G,G,G,nan,1.0,1.0,1.0,1.0,0.95
173,4155,4921,1,False,A,G,G,nan,0.0,0.0,0.0,0.0,0.05
173,4155,4921,0,False,G,G,G,nan,1.0,1.0,1.0,1.0,0.95
174,4195,4961,1,False,-,A,A,nan,0.0,0.0,0.25,0.0,0.0
174,4195,4961,0,False,A,A,A,nan,1.0,1.0,0.75,1.0,1.0
175,4196,4962,1,False,-,G,G,nan,0.0,0.0,0.25,0.0,0.0
175,4196,4962,0,False,G,G,G,nan,1.0,1.0,0.75,1.0,1.0
176,4197,4963,1,False,-,G,G,nan,0.0,0.0,0.25,0.0,0.0
176,4197,4963,0,False,G,G,G,nan,1.0,1.0,0.75,1.0,1.0
177,4198,4964,1,False,-,T,T,nan,0.0,0.0,0.25,0.0,0.0
177,4198,4964,0,False,T,T,T,nan,1.0,1.0,0.75,1.0,1.0
178,4199,4965,1,False,-,G,G,nan,0.0,0.0,0.25,0.0,0.0
178,4199,4965,0,False,G,G,G,nan,1.0,1.0,0.75,1.0,1.0
179,4200,4966,1,False,-,A,A,nan,0.0,0.0,0.25,0.0,0.0
179,4200,4966,0,False,A,A,A,nan,1.0,1.0,0.75,1.0,1.0
180,4201,4967,1,False,-,A,A,nan,0.0,0.0,0.25,0.0,0.0
180,4201,4967,0,False,A,A,A,nan,1.0,1.0,0.75,1.0,1.0
181,4202,4968,1,False,-,G,G,nan,0.0,0.0,0.25,0.0,0.0
181,4202,4968,0,False,G,G,G,nan,1.0,1.0,0.75,1.0,1.0
182,4203,4969,1,False,-,G,G,nan,0.0,0.0,0.25,0.0,0.0
182,4203,4969,0,False,G,G,G,nan,1.0,1.0,0.75,1.0,1.0
183,4204,4970,1,False,-,G,G,nan,0.0,0.0,0.25,0.0,0.0
183,4204,4970,0,False,G,G,G,nan,1.0,1.0,0.75,1.0,1.0
184,4205,4971,1,False,-,G,G,nan,0.0,0.0,0.25,0.0,0.0
184,4205,4971,0,False,G,G,G,nan,1.0,1.0,0.75,1.0,1.0
185,4206,4972,1,False,-,C,C,nan,0.0,0.0,0.25,0.0,0.0
185,4206,4972,0,False,C,C,C,nan,1.0,1.0,0.75,1.0,1.0
186,4207,4973,1,False,-,A,A,nan,0.0,0.0,0.25,0.0,0.0
186,4207,4973,0,False,A,A,A,nan,1.0,1.0,0.75,1.0,1.0
187,4208,4974,1,False,-,G,G,nan,0.0,0.0,0.25,0.0,0.0
187,4208,4974,0,False,G,G,G,nan,1.0,1.0,0.75,1.0,1.0
188,4209,4975,1,False,-,T,T,nan,0.0,0.0,0.25,0.0,0.0
188,4209,4975,0,False,T,T,T,nan,1.0,1.0,0.75,1.0,1.0
189,4210,4976,1,False,-,A,A,nan,0.0,0.0,0.25,0.0,0.0
189,4210,4976,0,False,A,A,A,nan,1.0,1.0,0.75,1.0,1.0
190,4211,4977,1,False,-,G,G,nan,0.0,0.0,0.25,0.0,0.0
190,4211,4977,0,False,G,G,G,nan,1.0,1.0,0.75,1.0,1.0
191,4212,4978,1,False,-,T,T,nan,0.0,0.0,0.25,0.0,0.0
191,4212,4978,0,False,T,T,T,nan,1.0,1.0,0.75,1.0,1.0
192,4213,4979,1,False,-,A,A,nan,0.0,0.0,0.5,0.0,0.0
192,4213,4979,0,False,A,A,A,nan,1.0,1.0,0.5,1.0,1.0
193,4214,4980,1,False,-,A,A,nan,0.0,0.0,0.5,0.0,0.0
193,4214,4980,0,False,A,A,A,nan,1.0,1.0,0.5,1.0,0.95
193,4214,4980,1,False,C,A,A,nan,0.0,0.0,0.0,0.0,0.05
194,4215,4981,1,False,-,T,T,nan,0.0,0.0,0.5,0.0,0.0
194,4215,4981,0,False,T,T,T,nan,1.0,1.0,0.5,1.0,1.0
195,4216,4982,1,False,-,A,A,nan,0.0,0.0,0.5,0.0,0.0
195,4216,4982,0,False,A,A,A,nan,1.0,1.0,0.5,1.0,1.0
196,4217,4983,1,False,-,C,C,nan,0.0,0.0,0.5,0.0,0.0
196,4217,4983,0,False,C,C,C,nan,1.0,1.0,0.5,1.0,1.0
197,4218,4984,1,False,-,A,A,nan,0.0,0.0,0.5,0.0,0.0
197,4218,4984,0,False,A,A,A,nan,1.0,1.0,0.5,1.0,1.0
198,4219,4985,1,False,-,A,A,nan,0.0,0.0,0.5,0.0,0.0
198,4219,4985,0,False,A,A,A,nan,1.0,1.0,0.5,1.0,1.0
199,4220,4986,1,False,-,G,G,nan,0.0,0.0,0.5,0.0,0.0
199,4220,4986,1,False,A,G,G,nan,0.0,0.0,0.0,0.0,0.05
199,4220,4986,0,False,G,G,G,nan,1.0,1.0,0.5,1.0,0.95
200,4221,4987,1,False,-,A,A,nan,0.0,0.0,0.5,0.0,0.0
200,4221,4987,0,False,A,A,A,nan,1.0,1.0,0.5,1.0,1.0
201,4222,4988,1,False,-,T,T,nan,0.0,0.0,0.5,0.0,0.0
201,4222,4988,0,False,T,T,T,nan,1.0,1.0,0.5,1.0,1.0
202,4223,4989,1,False,-,A,A,nan,0.0,0.0,0.5,0.0,0.0
202,4223,4989,0,False,A,A,A,nan,1.0,1.0,0.5,1.0,1.0
203,4224,4990,1,False,-,A,A,nan,0.0,0.0,0.5,0.0,0.0
203,4224,4990,0,False,A,A,A,nan,1.0,1.0,0.5,1.0,1.0
204,4225,4991,1,False,-,T,T,nan,0.0,0.0,0.5,0.0,0.0
204,4225,4991,0,False,T,T,T,nan,1.0,1.0,0.5,1.0,1.0
205,4226,4992,1,False,-,A,A,nan,0.0,0.0,0.5,0.0,0.0
205,4226,4992,0,False,A,A,A,nan,1.0,1.0,0.5,1.0,1.0
206,4227,4993,1,False,-,G,G,nan,0.0,0.0,0.5,0.0,0.0
206,4227,4993,0,False,G,G,G,nan,1.0,1.0,0.5,1.0,1.0
207,4228,4994,1,False,-,T,T,nan,0.0,0.0,0.5,0.0,0.0
207,4228,4994,0,False,T,T,T,nan,1.0,1.0,0.5,1.0,1.0
208,4229,4995,1,False,-,G,G,nan,0.0,0.0,0.5,0.0,0.0
208,4229,4995,0,False,G,G,G,nan,1.0,1.0,0.5,1.0,1.0
209,4230,4996,1,False,-,A,A,nan,0.0,0.0,0.5,0.0,0.0
209,4230,4996,0,False,A,A,A,nan,1.0,1.0,0.5,1.0,1.0
210,4231,4997,1,False,-,C,C,nan,0.0,0.0,0.5,0.0,0.0
210,4231,4997,0,False,C,C,C,nan,1.0,1.0,0.5,1.0,1.0
211,4232,4998,1,False,-,A,A,nan,0.0,0.0,0.5,0.0,0.0
211,4232,4998,0,False,A,A,A,nan,1.0,1.0,0.5,1.0,1.0
212,4233,4999,1,False,-,T,T,nan,0.0,0.0,0.5,0.0,0.0
212,4233,4999,0,False,T,T,T,nan,1.0,1.0,0.5,1.0,1.0
213,4234,5000,1,False,-,A,A,nan,0.0,0.0,0.5,0.0,0.0
213,4234,5000,0,False,A,A,A,nan,1.0,1.0,0.5,1.0,1.0
214,4235,5001,1,False,-,A,A,nan,0.0,0.0,0.5,0.0,0.0
214,4235,5001,0,False,A,A,A,nan,1.0,1.0,0.5,1.0,1.0
215,4236,5002,1,False,-,A,A,nan,0.0,0.0,0.5,0.0,0.0
215,4236,5002,0,False,A,A,A,nan,1.0,1.0,0.5,1.0,1.0
216,4237,5003,1,False,-,G,G,nan,0.0,0.0,0.75,0.0,0.0
216,4237,5003,0,False,G,G,G,nan,1.0,1.0,0.25,1.0,1.0
217,4238,5004,1,False,-,G,G,nan,0.0,0.0,0.75,0.0,0.0
217,4238,5004,0,False,G,G,G,nan,1.0,1.0,0.25,1.0,1.0
218,4239,5005,1,False,-,T,T,nan,0.0,0.0,0.75,0.0,0.0
218,4239,5005,0,False,T,T,T,nan,1.0,1.0,0.25,1.0,1.0
219,4240,5006,1,False,-,A,A,nan,0.0,0.0,0.75,0.0,0.0
219,4240,5006,0,False,A,A,A,nan,1.0,1.0,0.25,1.0,1.0
220,4241,5007,1,False,-,G,G,nan,0.0,0.0,0.75,0.0,0.0
220,4241,5007,0,False,G,G,G,nan,1.0,1.0,0.25,1.0,1.0
221,4242,5008,1,False,-,T,T,nan,0.0,0.0,0.75,0.0,0.0
221,4242,5008,0,False,T,T,T,nan,1.0,1.0,0.25,1.0,1.0
222,4243,5009,1,False,-,A,A,nan,0.0,0.0,0.75,0.0,0.0
222,4243,5009,0,False,A,A,A,nan,1.0,1.0,0.25,1.0,1.0
223,4244,5010,1,False,-,C,C,nan,0.0,0.0,0.75,0.0,0.0
223,4244,5010,0,False,C,C,C,nan,1.0,1.0,0.25,1.0,1.0
224,4245,5011,1,False,-,C,C,nan,0.0,0.0,0.75,0.0,0.0
224,4245,5011,0,False,C,C,C,nan,1.0,1.0,0.25,1.0,1.0
225,4246,5012,1,False,-,C,A,nan,0.0,0.0,0.75,0.0,0.0
225,4246,5012,0,False,C,C,A,nan,1.0,1.0,0.25,1.0,1.0
226,4247,5013,1,False,-,A,A,nan,0.0,0.0,0.75,0.0,0.0
226,4247,5013,0,False,A,A,A,nan,1.0,1.0,0.25,1.0,1.0
227,4248,5014,1,False,-,G,G,nan,0.0,0.0,0.75,0.0,0.0
227,4248,5014,0,False,G,G,G,nan,1.0,1.0,0.25,1.0,1.0
228,4249,5015,1,False,-,G,G,nan,0.0,0.0,0.75,0.0,0.0
228,4249,5015,0,False,G,G,G,nan,1.0,1.0,0.25,1.0,1.0
229,4250,5016,1,False,-,A,A,nan,0.0,0.0,0.75,0.0,0.0
229,4250,5016,0,False,A,A,A,nan,1.0,1.0,0.25,1.0,1.0
230,4251,5017,1,False,-,G,G,nan,0.0,0.0,0.75,0.0,0.0
230,4251,5017,0,False,G,G,G,nan,1.0,1.0,0.25,1.0,1.0
231,4252,5018,1,False,-,G,G,nan,0.0,0.0,0.75,0.0,0.0
231,4252,5018,0,False,G,G,G,nan,1.0,1.0,0.25,1.0,1.0
232,4253,5019,1,False,-,A,A,nan,0.0,0.0,0.75,0.0,0.0
232,4253,5019,0,False,A,A,A,nan,1.0,1.0,0.25,1.0,1.0
233,4254,5020,1,False,-,A,A,nan,0.0,0.0,0.75,0.0,0.0
233,4254,5020,0,False,A,A,A,nan,1.0,1.0,0.25,1.0,1.0
234,4255,5021,1,False,-,A,A,nan,0.0,0.0,0.75,0.0,0.0
234,4255,5021,0,False,A,A,A,nan,1.0,1.0,0.25,1.0,1.0
235,4256,5022,1,False,-,G,G,nan,0.0,0.0,0.75,0.0,0.0
235,4256,5022,0,False,G,G,G,nan,1.0,1.0,0.25,1.0,1.0
236,4257,5023,1,False,-,T,C,nan,0.0,0.0,0.75,0.0,0.0
236,4257,5023,0,False,T,T,C,nan,1.0,1.0,0.25,1.0,1.0
237,4258,5024,1,False,-,A,A,nan,0.0,0.0,0.75,0.0,0.0
237,4258,5024,0,False,A,A,A,nan,1.0,1.0,0.25,1.0,1.0
238,4259,5025,1,False,-,A,A,nan,0.0,0.0,0.75,0.0,0.0
238,4259,5025,0,False,A,A,A,nan,1.0,1.0,0.25,1.0,1.0
239,4260,5026,1,False,-,A,A,nan,0.0,0.0,0.75,0.0,0.0
239,4260,5026,0,False,A,A,A,nan,1.0,1.0,0.25,1.0,1.0
240,4261,5027,1,False,-,A,A,nan,0.0,0.0,0.75,0.0,0.0
240,4261,5027,0,False,A,A,A,nan,1.0,1.0,0.25,1.0,1.0
241,4262,5028,1,False,-,A,A,nan,0.0,0.0,0.75,0.0,0.0
241,4262,5028,0,False,A,A,A,nan,1.0,1.0,0.25,1.0,1.0
242,4263,5029,1,False,-,T,T,nan,0.0,0.0,0.75,0.0,0.0
242,4263,5029,0,False,T,T,T,nan,1.0,1.0,0.25,1.0,1.0
243,4264,5030,1,False,-,C,C,nan,0.0,0.0,0.75,0.0,0.0
243,4264,5030,0,False,C,C,C,nan,1.0,1.0,0.25,1.0,1.0
244,4265,5031,1,False,-,A,A,nan,0.0,0.0,0.75,0.0,0.0
244,4265,5031,0,False,A,A,A,nan,1.0,1.0,0.25,1.0,1.0
245,4266,5032,1,False,-,T,T,nan,0.0,0.0,0.75,0.0,0.05
245,4266,5032,0,False,T,T,T,nan,1.0,1.0,0.25,1.0,0.95
246,4267,5033,1,False,-,T,T,nan,0.0,0.0,0.75,0.0,0.05
246,4267,5033,0,False,T,T,T,nan,1.0,1.0,0.25,1.0,0.95
247,4268,5034,1,False,-,A,A,nan,0.0,0.0,0.75,0.0,0.05
247,4268,5034,0,False,A,A,A,nan,1.0,1.0,0.25,1.0,0.95
248,4269,5035,1,False,-,G,A,nan,0.0,0.0,0.75,0.0,0.05
248,4269,5035,0,False,G,G,A,nan,1.0,1.0,0.25,1.0,0.95
249,4270,5036,1,False,-,G,G,nan,0.0,0.0,1.0,0.0,0.05
249,4270,5036,0,False,G,G,G,nan,1.0,1.0,0.0,1.0,0.95
250,4271,5037,1,False,-,G,G,nan,0.0,0.0,1.0,0.0,0.05
250,4271,5037,0,False,G,G,G,nan,1.0,1.0,0.0,1.0,0.95
251,4272,5038,1,False,-,A,A,nan,0.0,0.0,1.0,0.0,0.05
251,4272,5038,0,False,A,A,A,nan,1.0,1.0,0.0,1.0,0.95
252,4273,5039,1,False,-,C,C,nan,0.0,0.0,1.0,0.0,0.05
252,4273,5039,0,False,C,C,C,nan,1.0,1.0,0.0,1.0,0.95
253,4274,5040,0,False,-,T,T,nan,0.0,0.0,1.0,0.0,0.05
253,4274,5040,0,False,T,T,T,nan,1.0,1.0,0.0,1.0,0.95
